id,firstName,lastName
1,結菜,松本
2,洋平,木村
3,楓,佐藤
4,悦子,吉田
5,輝,伊藤
6,美紀,山口
7,亜美,加藤
8,茂,高橋
9,典子,清水
10,敏子,加藤
11,裕子,山田
12,大輝,加藤
13,勝利,斎藤
14,七海,佐藤
15,洋子,田中
16,明日香,渡辺
17,久美子,渡辺
18,律,佐々木
19,陽翔,佐藤
20,豊,高橋
21,ひなた,渡辺
22,ひなた,林
23,千夏,木村
24,大輔,佐々木
25,友美,高橋
26,美月,田中
27,明,加藤
28,久子,小林
29,英樹,山口
30,裕子,佐々木
31,早紀,山口
32,きよ,林
33,優奈,山口
34,悠太,加藤
35,正男,木村
36,菜々子,山本
37,颯真,斎藤
38,理恵,佐藤
39,早紀,小林
40,トミ,高橋
41,成美,加藤
42,涼太,佐藤
43,誠,小林
44,竜,鈴木
45,美智子,鈴木
46,美結,木村
47,昭三,佐々木
48,勉,清水
49,貴大,中村
50,大雅,山田
51,凛,山本
52,千代,高橋
53,優太,中村
54,正男,田中
55,洋子,斎藤
56,萌,山本
57,さくら,林
58,美代子,佐々木
59,海斗,佐々木
60,葵,渡辺
61,百花,渡辺
62,洋子,井上
63,由美,加藤
64,武,木村
65,亮太,松本
66,悠太,吉田
67,大地,渡辺
68,結月,高橋
69,恵美子,松本
70,結愛,山田
71,和彦,佐藤
72,文子,木村
73,武雄,小林
74,優斗,山本
75,和彦,吉田
76,空,木村
77,大和,鈴木
78,純子,木村
79,一郎,鈴木
80,恵,山田
81,達也,佐藤
82,修,松本
83,弘子,山本
84,ひなた,林
85,陸,松本
86,恵,佐々木
87,文子,佐藤
88,美香,林
89,順子,木村
90,明美,山本
91,誠,松本
92,未来,井上
93,空,小林
94,正二,木村
95,絵美,加藤
96,マサ,木村
97,龍生,吉田
98,大和,高橋
99,亮太,林
100,直樹,斎藤
